"id","title","slug","post_type","status","category","excerpt","content","featured_image_url","media_urls","published_date","modified_date","author","location","year","job_type","experience","external_article_url","source_url"
"blog-1","Benefits of Electric Garbage Collection Vehicles for Smart Cities","benefits-electric-garbage-collection-vehicles-smart-cities","post","publish","Commercial EVs","How municipal corporations and smart city missions are reducing operational overheads and toxic morning emissions with purpose-built electric tippers.","<h3>Transforming Door-to-Door Urban Sanitation</h3>
<p>Municipal solid waste management is one of the most critical daily civic functions in urban India. However, traditional diesel-powered garbage compactors and small diesel trucks face severe operational limitations in high-density Indian neighborhoods:</p>
<ol>
<li><strong>Narrow Alley Navigation:</strong> Dense historical gullies and residential lanes cannot accommodate full-sized diesel trucks, resulting in inefficient manual carting.</li>
<li><strong>Idling Emissions in Morning Hours:</strong> Diesel vehicles idling during door-to-door stop-start collection emit heavy particulate matter (PM2.5) and noxious fumes right outside residential doorsteps during morning peak walking hours.</li>
<li><strong>Exorbitant Operating Costs:</strong> Frequent stop-and-go driving rapidly degrades clutches, burns excessive diesel, and drives up municipal maintenance budgets.</li>
</ol>
<h3>The Purpose-Built Electric Advantage</h3>
<p>Purpose-built electric tippers like the <strong>SAVY Dump Truck</strong> solve these structural bottlenecks:</p>
<ul>
<li><strong>Zero Noise and Zero Morning Fumes:</strong> Electric motors operate silently, allowing collection teams to complete rounds early in the morning without disturbing sleeping citizens.</li>
<li><strong>Dual Wet and Dry Compartments:</strong> Built-in segregation partitions help municipalities enforce source-level waste separation in alignment with Swachh Bharat directives.</li>
<li><strong>Electro-Hydraulic Tipping:</strong> Direct bin unloading reduces sanitation workers' physical strain and accelerates turn-around times at municipal transfer stations.</li>
<li><strong>Over 75% Cost Reduction:</strong> Electricity costs per kilometer are a fraction of diesel, saving lakhs annually for local bodies and Gram Panchayats.</li>
</ul>
<h3>Conclusion</h3>
<p>As Indian cities transition towards zero-emission public services, electrifying the municipal sanitation fleet provides immediate, measurable health, environmental, and economic dividends.</p>","https://savy-greentech-v2.netlify.app/assets/dump-truck.jpg","https://savy-greentech-v2.netlify.app/assets/dump-truck.jpg|https://savy-greentech-v2.netlify.app/assets/process/customization-design.jpg","2026-02-01 10:00:00","2026-02-01 10:00:00","SAVY Engineering Team","Ahmedabad, Gujarat","2026","","","","https://savy-greentech-v2.netlify.app/blog/benefits-electric-garbage-collection-vehicles-smart-cities"
"blog-2","How Campuses Are Switching to Electric Golf Carts","how-campuses-are-switching-to-electric-golf-carts","post","publish","Applications / Use Cases","From premier universities to luxury resorts, why leading institutions are replacing conventional vehicles with electric campus transit.","<h3>The Campus Transit Challenge</h3>
<p>Educational institutions, hospital medical colleges, gated industrial townships, and luxury resorts share a common spatial trait: large multi-acre campuses with extensive internal pedestrian traffic.</p>
<p>Relying on conventional cars or motorbikes inside these zones creates noise pollution, safety risks for pedestrians, and unnecessary carbon emissions.</p>
<h3>Why Institutional Campuses Choose SAVY Golf Carts</h3>
<ul>
<li><strong>Pedestrian Safety & Regulated Speed:</strong> Campus carts are capped at safe internal operating speeds (20–25 km/h), minimizing collision risks along student walkways and hospital corridors.</li>
<li><strong>Silent & Non-Disruptive:</strong> Whether moving between lecture halls or transporting hospital patients, electric powertrains ensure zero acoustic distraction.</li>
<li><strong>High Seating Flexibility:</strong> Available in 2, 4, 6, 8, and custom 12-seater configurations to handle student shuttles, campus security tours, and VIP visitor delegations.</li>
<li><strong>Reliable Turnkey Charging:</strong> Standard plug-and-play charging stations can be installed at security gates, maintenance sheds, or central parking bays.</li>
</ul>
<p>SAVY has partnered with prestigious institutions such as IIT Gandhinagar, University of Pune, and Civil Hospital Ahmedabad to provide durable, all-weather campus transportation solutions.</p>","https://savy-greentech-v2.netlify.app/assets/classic-golf.jpeg","https://savy-greentech-v2.netlify.app/assets/classic-golf.jpeg|https://savy-greentech-v2.netlify.app/assets/club-cart.jpg|https://savy-greentech-v2.netlify.app/assets/applications/campus.jpg","2026-01-01 10:00:00","2026-01-01 10:00:00","Mobility Solutions Team","Ahmedabad, Gujarat","2026","","","","https://savy-greentech-v2.netlify.app/blog/how-campuses-are-switching-to-electric-golf-carts"
"blog-3","Commercial EV Adoption: Total Cost of Ownership (TCO) Analysis","commercial-ev-adoption-total-cost-of-ownership","post","publish","Electric Mobility","A comprehensive financial breakdown of why commercial electric three-wheelers achieve payback within 12 to 18 months.","<h3>Moving Beyond Upfront Sticker Price</h3>
<p>When evaluating commercial fleet investments, forward-thinking logistics directors look at Total Cost of Ownership (TCO) over a 3 to 5-year operating horizon rather than just the initial purchase price.</p>
<h3>TCO Comparison: Diesel Three-Wheeler vs. SAVY Electruck</h3>
<ol>
<li><strong>Energy Cost per Kilometer:</strong>
<ul>
<li>Diesel 3-Wheeler: Approx. ₹4.50 – ₹6.00 per km (based on ₹90/L diesel and real-world city mileage).</li>
<li>SAVY Electruck EV: Approx. ₹0.80 – ₹1.20 per km (based on commercial electricity tariffs).</li>
<li><strong>Annual Savings (at 80 km/day):</strong> Over ₹1,10,000 in fuel savings alone.</li>
</ul>
</li>
<li><strong>Maintenance & Servicing:</strong>
<ul>
<li>Electric drivetrains have fewer than 20 moving parts compared to over 2,000 in internal combustion engines. No engine oil changes, spark plugs, clutch plates, or exhaust filters.</li>
<li><strong>Maintenance Savings:</strong> Over 60% reduction in annual servicing costs.</li>
</ul>
</li>
<li><strong>Asset Longevity & Resale:</strong>
<ul>
<li>Heavy-duty chassis engineering and robust lithium battery management systems deliver predictable, reliable performance over years of rigorous service.</li>
</ul>
</li>
</ol>
<h3>Summary</h3>
<p>For logistics operators, FMCG distributors, and municipal fleets, switching to purpose-built EVs is no longer just an environmental goal—it is a compelling financial necessity.</p>","https://savy-greentech-v2.netlify.app/assets/electruck.jpg","https://savy-greentech-v2.netlify.app/assets/electruck.jpg|https://savy-greentech-v2.netlify.app/assets/applications/electruck-logistics.webp","2025-12-01 10:00:00","2025-12-01 10:00:00","Chandan Mundhra","Ahmedabad, Gujarat","2025","","","","https://savy-greentech-v2.netlify.app/blog/commercial-ev-adoption-total-cost-of-ownership"
"blog-4","Purpose-Built Custom EVs vs. Off-The-Shelf Fleets: Why Fit Matters","purpose-built-custom-evs-vs-off-the-shelf-fleets","post","publish","Technology N","Why standard commercial vehicles fail specific industrial workloads and how custom engineering unlocks operational efficiency.","<h3>The Limitations of Generic Off-The-Shelf Fleets</h3>
<p>Every enterprise operation has distinct physical constraints:</p>
<ul>
<li>An FMCG spice manufacturer transporting 900kg crates requires reinforced axle hubs that standard passenger auto-rickshaws cannot offer.</li>
<li>A resort in an eco-sensitive coastal zone needs marine-grade corrosion resistance and luxury upholstery.</li>
<li>A mobile street food entrepreneur needs integrated food-grade stainless counters and auxiliary appliance inverters.</li>
</ul>
<p>Off-the-shelf mass-market vehicles force businesses to compromise on payload, dimensions, or equipment integration.</p>
<h3>The SAVY In-House Engineering Advantage</h3>
<p>SAVY Greentech’s end-to-end design-to-assembly manufacturing model allows bespoke vehicle engineering:</p>
<ul>
<li><strong>Chassis Customization:</strong> Lengthening, widening, or reinforcing ladder frames for specific payload requirements.</li>
<li><strong>Custom Powertrains:</strong> Tuning motor torque curves for steep resort hills or heavy factory ramps.</li>
<li><strong>Special Purpose Superstructures:</strong> Building mobile ATMs, milk distribution racks, tipping dump bins, or VIP classic retrofits.</li>
</ul>
<p>By building the vehicle around the operation rather than forcing the operation to fit the vehicle, businesses maximize daily operational productivity.</p>","https://savy-greentech-v2.netlify.app/assets/process/customization-design.jpg","https://savy-greentech-v2.netlify.app/assets/process/customization-design.jpg|https://savy-greentech-v2.netlify.app/assets/process/consultation.jpg","2025-11-01 10:00:00","2025-11-01 10:00:00","SAVY Engineering Team","Ahmedabad, Gujarat","2025","","","","https://savy-greentech-v2.netlify.app/blog/purpose-built-custom-evs-vs-off-the-shelf-fleets"
"blog-5","Driving a Cleaner Future: The One Vehicle, One Tree Initiative","sustainable-manufacturing-one-vehicle-one-tree","post","publish","Sustainability","Connecting clean technology with tangible ecological restoration across Indian communities.","<h3>Holistic Sustainability in Manufacturing</h3>
<p>True environmental stewardship extends beyond replacing tailpipe exhaust with battery power. At SAVY Greentech, our manufacturing philosophy is rooted in circular economy principles, eco-conscious material selection, and measurable environmental contributions.</p>
<h3>The One Vehicle, One Tree Commitment</h3>
<p>For every electric vehicle manufactured and delivered to our clients across India, SAVY Greentech commits to planting and nurturing a native tree sapling in partnership with local community restoration drives.</p>
<ul>
<li><strong>Direct Ecological Impact:</strong> Reforestation with indigenous species enhances biodiversity, supports groundwater recharge, and creates local carbon sinks.</li>
<li><strong>Community Engagement:</strong> Working with local green trusts and schools to nurture planted trees into mature green canopies.</li>
<li><strong>Transparent Accountability:</strong> Tracking tree count in alignment with verified customer delivery figures.</li>
</ul>
<p>Join us on the journey toward a zero-emission, greener tomorrow.</p>","https://savy-greentech-v2.netlify.app/assets/about-purpose/sustainability.jpg","https://savy-greentech-v2.netlify.app/assets/about-purpose/sustainability.jpg|https://savy-greentech-v2.netlify.app/assets/about-purpose/electric-future.jpg","2025-10-01 10:00:00","2025-10-01 10:00:00","SAVY Sustainability Desk","Ahmedabad, Gujarat","2025","","","","https://savy-greentech-v2.netlify.app/blog/sustainable-manufacturing-one-vehicle-one-tree"
"news-1","Savy Greentech featured for premium electric mobility","savy-greentech-featured-for-premium-electric-mobility","post","publish","News","Industrial Product Monitor highlights Savy Greentech’s clean, silent and sustainable electric mobility solutions for VIP and institutional movement across industries, resorts and campuses.","<p>Industrial Product Monitor highlights Savy Greentech’s clean, silent and sustainable electric mobility solutions for VIP and institutional movement across industries, resorts and campuses.</p>
<p>The feature focuses on SAVY's high-efficiency electric platforms engineered specifically for rugged Indian operating conditions and luxury campus environments.</p>
<p><a href=""https://lnkd.in/dFKvrmNN"" target=""_blank"" rel=""noopener noreferrer"">Read full coverage on LinkedIn</a></p>","https://savy-greentech-v2.netlify.app/assets/news/ipm-premium-electric-mobility.png","https://savy-greentech-v2.netlify.app/assets/news/ipm-premium-electric-mobility.png","2026-02-01 09:00:00","2026-02-01 09:00:00","Industrial Product Monitor","India","2026","","","https://lnkd.in/dFKvrmNN","https://savy-greentech-v2.netlify.app/media"
"news-2","EV Fleet & Logistics Forum 2026 brings industry leaders together","ev-fleet-logistics-forum-2026-brings-industry-leaders-together","post","publish","News","The forum brought together EV manufacturers, fleet operators and financiers, with Savy Greentech COO Dhawal Soni among the participating leaders.","<p>The EV Fleet & Logistics Forum 2026 brought together leading EV manufacturers, commercial fleet operators, and logistics financiers in New Delhi. Savy Greentech COO Dhawal Soni participated as a key speaker, highlighting commercial fleet electrification, customized cargo vehicle engineering, and total cost of ownership benefits for last-mile logistics.</p>
<p><a href=""https://www.theceo.in/press-release/ev-fleet-logistics-forum-2026-key-players-like-drivn-and-refex-mobility-driving-indias-ev-fleet-solutions"" target=""_blank"" rel=""noopener noreferrer"">Read official press release on The CEO Magazine</a></p>","https://savy-greentech-v2.netlify.app/assets/news/ev-fleet-forum.jpg","https://savy-greentech-v2.netlify.app/assets/news/ev-fleet-forum.jpg","2026-05-08 10:00:00","2026-05-08 10:00:00","The CEO Magazine","New Delhi, India","2026","","","https://www.theceo.in/press-release/ev-fleet-logistics-forum-2026-key-players-like-drivn-and-refex-mobility-driving-indias-ev-fleet-solutions","https://savy-greentech-v2.netlify.app/media"
"news-3","Savy Greentech Spearheads the EV Evolution","savy-greentech-spearheads-the-ev-evolution","post","publish","News","Industrial Product Monitor profiles Savy Greentech’s purpose-built vehicles and its research, fabrication, assembly and quality-control process.","<p>Industrial Product Monitor profiles Savy Greentech’s purpose-built vehicles and its research, fabrication, assembly and quality-control process.</p>
<p>The extensive profile covers SAVY's Ahmedabad facility, in-house fabrication capabilities, and custom EV solutions tailored for Indian commercial operations.</p>
<p><a href=""https://fliphtml5.com/mdidf/hjtw/E-Magazine_July_2025/"" target=""_blank"" rel=""noopener noreferrer"">View E-Magazine July 2025 Edition</a></p>","https://savy-greentech-v2.netlify.app/assets/news/industrial-product-monitor.jpg","https://savy-greentech-v2.netlify.app/assets/news/industrial-product-monitor.jpg","2025-07-01 10:00:00","2025-07-01 10:00:00","Industrial Product Monitor","Ahmedabad, Gujarat","2025","","","https://fliphtml5.com/mdidf/hjtw/E-Magazine_July_2025/","https://savy-greentech-v2.netlify.app/media"
"news-4","Savy EV: India’s electric revolution with Chandan Mundhra","savy-ev-indias-electric-revolution-with-chandan-mundhra","post","publish","News","The feature explores locally powered three-wheelers, Savy’s research and service ecosystem, domestic sourcing and its plans for charging and battery recycling.","<p>The Policy Times feature explores locally powered three-wheelers, Savy’s research and service ecosystem, domestic sourcing and its plans for charging and battery recycling under the leadership of Founder Chandan Mundhra.</p>
<p><a href=""https://www.linkedin.com/posts/thepolicytimes_thepolicytimes-electricvehicles-savyev-activity-7341711368921755648-kjr8"" target=""_blank"" rel=""noopener noreferrer"">View Policy Times Feature on LinkedIn</a></p>","https://savy-greentech-v2.netlify.app/assets/news/policy-times-savy.jpg","https://savy-greentech-v2.netlify.app/assets/news/policy-times-savy.jpg","2025-01-01 10:00:00","2025-01-01 10:00:00","The Policy Times","Ahmedabad, Gujarat","2025","","","https://www.linkedin.com/posts/thepolicytimes_thepolicytimes-electricvehicles-savyev-activity-7341711368921755648-kjr8","https://savy-greentech-v2.netlify.app/media"
"news-5","Indian E-Auto Grabs International Attention at Netherlands E-Mobility Expo","indian-e-auto-grabs-international-attention-at-netherlands-e-mobility-expo","post","publish","News","Savy Electric’s City Pod emerged as a standout at the Netherlands Expo in Amsterdam, demonstrating the potential of Indian electric autos in sustainable tourism.","<p>Savy Electric’s City Pod emerged as a standout at the Netherlands Expo in Amsterdam, demonstrating the potential of Indian electric autos in sustainable tourism and micro-mobility.</p>
<p>The vehicle received widespread acclaim from European fleet operators, municipal transit leaders, and clean-tech investors for its aerodynamic styling and passenger comfort.</p>
<p><a href=""https://www.business-standard.com/amp/content/press-releases-ani/a-new-look-for-indian-e-auto-grabs-international-attention-at-netherlands-e-mobility-expo-124010300834_1.html"" target=""_blank"" rel=""noopener noreferrer"">Read Business Standard Coverage</a></p>","https://savy-greentech-v2.netlify.app/assets/news/city-pod-netherlands.jpg","https://savy-greentech-v2.netlify.app/assets/news/city-pod-netherlands.jpg","2024-01-03 10:00:00","2024-01-03 10:00:00","Business Standard","Amsterdam / New Delhi","2024","","","https://www.business-standard.com/amp/content/press-releases-ani/a-new-look-for-indian-e-auto-grabs-international-attention-at-netherlands-e-mobility-expo-124010300834_1.html","https://savy-greentech-v2.netlify.app/media"
"news-6","Chandan Mundhra joins Industry Academia Conclave 2023","chandan-mundhra-joins-industry-academia-conclave-2023","post","publish","News","IITRAM hosted Chandan Mundhra, Director of Savy Electric Vehicles, as a panelist for its Industry Academia Conclave discussing future EV technology.","<p>IITRAM hosted Chandan Mundhra, Director of Savy Electric Vehicles, as a panelist for its Industry Academia Conclave discussing future EV technology, indigenous powertrain R&D, and skill requirements for the next decade of electric transportation in India.</p>
<p><a href=""https://alumni.iitram.ac.in/singevent/18"" target=""_blank"" rel=""noopener noreferrer"">View IITRAM Conclave Event Archive</a></p>","https://savy-greentech-v2.netlify.app/assets/news/iitram-conclave.jpg","https://savy-greentech-v2.netlify.app/assets/news/iitram-conclave.jpg","2023-09-02 10:00:00","2023-09-02 10:00:00","IITRAM","Ahmedabad, Gujarat","2023","","","https://alumni.iitram.ac.in/singevent/18","https://savy-greentech-v2.netlify.app/media"
"news-7","Ahmedabad-based EV startup Savy Electric raises seed investment","ahmedabad-based-ev-startup-savy-electric-raises-seed-investment","post","publish","News","Savy Electric raised a seed round led by NRI angel investor Ratul Bhattacharya to support new passenger and freight vehicles and expand manufacturing.","<p>Ahmedabad-based EV startup Savy Electric raised a seed investment round led by NRI angel investor Ratul Bhattacharya. The funds supported tooling, prototype development for new passenger and freight EV models, and scaling of the assembly facility in Gujarat.</p>
<p><a href=""https://www.issuewire.com/ahmedabad-based-ev-startup-savy-electric-raises-seed-investment-1728368941969228"" target=""_blank"" rel=""noopener noreferrer"">Read IssueWire Press Release</a></p>","https://savy-greentech-v2.netlify.app/assets/news/savy-seed-investment.png","https://savy-greentech-v2.netlify.app/assets/news/savy-seed-investment.png","2022-03-26 10:00:00","2022-03-26 10:00:00","IssueWire","Ahmedabad, Gujarat","2022","","","https://www.issuewire.com/ahmedabad-based-ev-startup-savy-electric-raises-seed-investment-1728368941969228","https://savy-greentech-v2.netlify.app/media"
"news-8","Savë partners with ADS Foundation to build EV workforce skills","save-partners-with-ads-foundation-to-build-ev-workforce-skills","post","publish","News","Savë formally associated with ADS Foundation, Gandhinagar, as an industry partner to help equip India’s workforce with skills required by the growing electric-vehicle industry.","<p>Savë formally associated with ADS Foundation, Gandhinagar, as an industry training partner to help equip India’s workforce with technical assembly and diagnostic skills required by the growing electric-vehicle sector under the Skill India Mission.</p>
<p><a href=""https://www.linkedin.com/posts/chandanmundhra_electricvehicles-employment-skillindiamission-activity-6878358943819804672-aHtr"" target=""_blank"" rel=""noopener noreferrer"">View Announcement on LinkedIn</a></p>","https://savy-greentech-v2.netlify.app/assets/news/ads-foundation-partnership.png","https://savy-greentech-v2.netlify.app/assets/news/ads-foundation-partnership.png","2021-01-01 10:00:00","2021-01-01 10:00:00","Company Milestone","Gandhinagar, Gujarat","2021","","","https://www.linkedin.com/posts/chandanmundhra_electricvehicles-employment-skillindiamission-activity-6878358943819804672-aHtr","https://savy-greentech-v2.netlify.app/media"
"event-1","City Pod: Amsterdam & Netherlands E-Mobility Expo Launch","city-pod-amsterdam-netherlands-e-mobility-expo-launch","post","publish","Industry Participation","Representing Indian Engineering on the Global Stage. SAVY’s flagship City Pod made waves at the prestigious Netherlands E-Mobility Expo in Amsterdam.","<h3>Representing Indian Engineering on the Global Stage</h3>
<p>SAVY’s flagship City Pod made waves at the prestigious Netherlands E-Mobility Expo in Amsterdam. Designed as a high-end, aerodynamic micro-mobility auto, it drew significant international attention from European tourism operators, urban planners, and clean-tech investors.</p>
<h4>Key Highlights</h4>
<ul>
<li>International spotlight on Indian indigenous EV engineering</li>
<li>High interest from European eco-tourism operators and municipal transit planners</li>
<li>Showcased aerodynamic pod styling, panoramic passenger visibility, and connected telemetry</li>
</ul>","https://savy-greentech-v2.netlify.app/assets/news/city-pod-netherlands.jpg","https://savy-greentech-v2.netlify.app/assets/news/city-pod-netherlands.jpg","2024-01-01 10:00:00","2024-01-01 10:00:00","SAVY Communications Desk","Amsterdam, Netherlands","2024","","","","https://savy-greentech-v2.netlify.app/media"
"event-2","Netherlands E-Mobility Expo, Amsterdam","netherlands-e-mobility-expo-amsterdam","post","publish","Industry Participation","Showcased the City Pod electric passenger vehicle to European fleet operators, municipal transit leaders, and clean-tech investors.","<p><strong>Category:</strong> International Exhibition<br/>
<strong>Location:</strong> Amsterdam, Netherlands<br/>
<strong>Role:</strong> Global Launch & Pavilion<br/>
<strong>Highlight:</strong> European Debut</p>
<p>Showcased the City Pod electric passenger vehicle to European fleet operators, municipal transit leaders, and clean-tech investors, demonstrating the capability of indigenous Indian EV platforms on the global stage.</p>","https://savy-greentech-v2.netlify.app/assets/news/city-pod-netherlands.jpg","https://savy-greentech-v2.netlify.app/assets/news/city-pod-netherlands.jpg","2024-01-15 10:00:00","2024-01-15 10:00:00","SAVY International Desk","Amsterdam, Netherlands","2024","","","","https://savy-greentech-v2.netlify.app/media"
"event-3","EV Fleet & Logistics Forum — Keynote OEM Panelist","ev-fleet-logistics-forum-keynote-delhi","post","publish","Industry Participation","Participated as key panelist and electric vehicle manufacturing pioneer shaping commercial fleet electrification and logistics adoption.","<p><strong>Category:</strong> Industry Leadership Conclave<br/>
<strong>Location:</strong> New Delhi, India<br/>
<strong>Role:</strong> Keynote OEM Panelist<br/>
<strong>Highlight:</strong> Keynote Panel</p>
<p>Participated as key panelist and electric vehicle manufacturing pioneer shaping commercial fleet electrification, supply chain efficiency, and logistics adoption across Indian commercial corridors.</p>","https://savy-greentech-v2.netlify.app/assets/news/ev-fleet-forum.jpg","https://savy-greentech-v2.netlify.app/assets/news/ev-fleet-forum.jpg","2026-05-08 10:00:00","2026-05-08 10:00:00","SAVY Leadership Desk","New Delhi, India","2026","","","","https://savy-greentech-v2.netlify.app/media"
"event-4","IITRAM Industry Academia Conclave — R&D Partnership","iitram-industry-academia-conclave-partnership","post","publish","Industry Participation","Collaborating with IITRAM on specialized EV engineering curricula, indigenous motor drive research, and technical internships.","<p><strong>Category:</strong> Technology & Academic Conclave<br/>
<strong>Location:</strong> Ahmedabad, Gujarat<br/>
<strong>Role:</strong> Keynote Speaker & Partner<br/>
<strong>Highlight:</strong> R&D Initiative</p>
<p>Collaborating with the Institute of Infrastructure, Technology, Research and Management (IITRAM) on specialized EV engineering curricula, indigenous motor drive research, battery telemetry, and engineering internships.</p>","https://savy-greentech-v2.netlify.app/assets/news/iitram-conclave.jpg","https://savy-greentech-v2.netlify.app/assets/news/iitram-conclave.jpg","2023-09-02 10:00:00","2023-09-02 10:00:00","SAVY R&D Desk","Ahmedabad, Gujarat","2023","","","https://alumni.iitram.ac.in/singevent/18","https://savy-greentech-v2.netlify.app/media"
"event-5","ADS Foundation Skill India Partnership — National Workforce Mission","ads-foundation-skill-india-workforce-partnership","post","publish","Industry Participation","Formal partnership equipping India’s workforce with advanced technical assembly and diagnostic skills for the electric mobility sector.","<p><strong>Category:</strong> National Workforce Mission<br/>
<strong>Location:</strong> Gandhinagar, Gujarat<br/>
<strong>Role:</strong> Industry Training Partner<br/>
<strong>Highlight:</strong> 500+ Trained</p>
<p>Formal partnership equipping India’s youth and technical workforce with advanced EV mechanical assembly, electrical wiring, motor troubleshooting, and battery diagnostic skills under the Skill India initiative.</p>","https://savy-greentech-v2.netlify.app/assets/news/ads-foundation-partnership.png","https://savy-greentech-v2.netlify.app/assets/news/ads-foundation-partnership.png","2021-01-01 10:00:00","2021-01-01 10:00:00","SAVY Skilling Desk","Gandhinagar, Gujarat","2021","","","","https://savy-greentech-v2.netlify.app/media"
"app-1","Municipal & Government: Swachh Bharat & Smart City Urban Sanitation Solutions","municipal-government","post","publish","Applications / Use Cases","Modernizing municipal solid waste collection, sanitation operations, and urban maintenance with zero-emission electric tippers and utility vehicles.","<h3>Swachh Bharat & Smart City Urban Sanitation Solutions</h3>
<p><strong>Overview:</strong> Modernizing municipal solid waste collection, sanitation operations, and urban maintenance with zero-emission electric tippers and utility vehicles.</p>
<h4>The Operational Challenge</h4>
<p>Traditional diesel waste management trucks are too wide for narrow alleys, produce toxic fumes during door-to-door idling, and incur exorbitant diesel fuel and maintenance bills.</p>
<h4>The SAVY Engineering Solution</h4>
<p>SAVY purpose-built electric dump trucks and tippers navigate tight urban gullies silently and cleanly. Dual wet/dry segregation compartments and hydraulic tipping make door-to-door municipal collection rapid and economical.</p>
<h4>Deployment Proof Points & Impact</h4>
<ul>
<li>Deployed across Gram Panchayats, Pune Municipal Corporation, and Ahmedabad Municipal Corporation</li>
<li>Dual waste segregation complies with municipal solid waste guidelines</li>
<li>Over 75% reduction in daily municipal fuel costs</li>
</ul>
<blockquote>""Clean, whisper-quiet morning sanitation without disturbing residential neighborhoods.""</blockquote>
<p><strong>Relevant Vehicles:</strong> Dump Truck, Electruck, Tuk Tuk ë</p>","https://savy-greentech-v2.netlify.app/assets/applications/municipal-government.webp","https://savy-greentech-v2.netlify.app/assets/applications/municipal-government.webp|https://savy-greentech-v2.netlify.app/assets/dump-truck.jpg|https://savy-greentech-v2.netlify.app/assets/electruck.jpg|https://savy-greentech-v2.netlify.app/assets/tuk-tuk.jpg","2026-01-15 10:00:00","2026-01-15 10:00:00","SAVY Municipal Engineering Team","Pune & Ahmedabad Municipalities, India","2026","","","","https://savy-greentech-v2.netlify.app/applications"
"app-2","Hospitality & Tourism: Quiet Luxury and Eco-Friendly Guest Mobility","hospitality-tourism","post","publish","Applications / Use Cases","Elevating guest experiences in luxury resorts, eco-tourism circuits, heritage properties, and golf courses with elegant, silent electric transportation.","<h3>Quiet Luxury and Eco-Friendly Guest Mobility</h3>
<p><strong>Overview:</strong> Elevating guest experiences in luxury resorts, eco-tourism circuits, heritage properties, and golf courses with elegant, silent electric transportation.</p>
<h4>The Operational Challenge</h4>
<p>Internal combustion noise and noxious exhaust ruin serene resort atmospheres, damage eco-sensitive heritage areas, and conflict with green hospitality certifications.</p>
<h4>The SAVY Engineering Solution</h4>
<p>SAVY Club Carts, Vintage Elite models, and Classic Golf vehicles provide luxurious, whisper-quiet guest movement with zero emissions, customized upholstery, and seamless property integration.</p>
<h4>Deployment Proof Points & Impact</h4>
<ul>
<li>Trusted by Andhra Pradesh Tourism Development Corporation (APTDC) for heritage and eco-destinations</li>
<li>Deployed at luxury wellness retreats including Nimba Nature Cure and premier holiday resorts</li>
<li>Customized VIP styling, weather curtains, and high passenger comfort</li>
</ul>
<blockquote>""Preserving natural tranquility while offering five-star hospitality transport.""</blockquote>
<p><strong>Relevant Vehicles:</strong> Club Cart, Vintage Elite, Classic Golf, Tuk Tuk ë</p>","https://savy-greentech-v2.netlify.app/assets/applications/ap-tourism.webp","https://savy-greentech-v2.netlify.app/assets/applications/ap-tourism.webp|https://savy-greentech-v2.netlify.app/assets/club-cart.jpg|https://savy-greentech-v2.netlify.app/assets/vintage-elite.jpg|https://savy-greentech-v2.netlify.app/assets/classic-golf.jpeg","2026-01-15 10:00:00","2026-01-15 10:00:00","SAVY Hospitality Mobility Team","Pan-India","2026","","","","https://savy-greentech-v2.netlify.app/applications"
"app-3","Healthcare & Hospitals: Zero-Emission Patient, Linen & Equipment Transit","healthcare","post","publish","Applications / Use Cases","Supporting critical hospital logistics, emergency campus transfers, and sensitive medical material transport in quiet, pollution-free environments.","<h3>Zero-Emission Patient, Linen & Equipment Transit</h3>
<p><strong>Overview:</strong> Supporting critical hospital logistics, emergency campus transfers, and sensitive medical material transport in quiet, pollution-free environments.</p>
<h4>The Operational Challenge</h4>
<p>Hospital compounds require sterile, fume-free air and absolute silence around patient wards, ICUs, and treatment centers, ruling out standard fuel vehicles.</p>
<h4>The SAVY Engineering Solution</h4>
<p>SAVY electric carts and custom utility vehicles operate with zero vibrations and zero fumes. Configured for stretcher transport, medical laundry, biomedical waste, and food movement.</p>
<h4>Deployment Proof Points & Impact</h4>
<ul>
<li>Successfully deployed at Civil Hospital Ahmedabad (one of Asia’s largest hospital complexes)</li>
<li>Smooth suspension tuning protects patient comfort during stretcher transit</li>
<li>Zero tailpipe emissions near sensitive healthcare facilities</li>
</ul>
<blockquote>""Silent, reliable 24/7 mobility for patients, doctors, and critical hospital utilities.""</blockquote>
<p><strong>Relevant Vehicles:</strong> Classic Golf, Electruck, Club Cart</p>","https://savy-greentech-v2.netlify.app/assets/applications/e-ambulance-cart.webp","https://savy-greentech-v2.netlify.app/assets/applications/e-ambulance-cart.webp|https://savy-greentech-v2.netlify.app/assets/classic-golf.jpeg|https://savy-greentech-v2.netlify.app/assets/electruck.jpg|https://savy-greentech-v2.netlify.app/assets/club-cart.jpg","2026-01-15 10:00:00","2026-01-15 10:00:00","SAVY Healthcare Transit Team","Ahmedabad, Gujarat","2026","","","","https://savy-greentech-v2.netlify.app/applications"
"app-4","Industrial & Logistics: Heavy-Duty Internal Material Movement & Warehousing","industrial-logistics","post","publish","Applications / Use Cases","Streamlining factory floor movement, multi-facility raw material transit, and last-mile dispatch with high-torque electric cargo platforms.","<h3>Heavy-Duty Internal Material Movement & Warehousing</h3>
<p><strong>Overview:</strong> Streamlining factory floor movement, multi-facility raw material transit, and last-mile dispatch with high-torque electric cargo platforms.</p>
<h4>The Operational Challenge</h4>
<p>Indoor warehousing and manufacturing facilities suffer from carbon monoxide buildup with diesel forklifts, while fuel costs eat into razor-thin operational margins.</p>
<h4>The SAVY Engineering Solution</h4>
<p>SAVY Electruck and bespoke 900kg cargo platforms feature reinforced ladder-frame chassis, heavy leaf-spring suspension, and continuous duty cycles for 24-hour factory operations.</p>
<h4>Deployment Proof Points & Impact</h4>
<ul>
<li>Custom 900 kg Electruck engineered for Ramdev Foods manufacturing facilities</li>
<li>Trusted by heavy industry leaders including Adani, Bharat Gas, HP, and CGPL</li>
<li>Rapid overnight charging and heavy multi-shift duty cycle endurance</li>
</ul>
<blockquote>""Built tough for punishing industrial workloads with zero indoor emissions.""</blockquote>
<p><strong>Relevant Vehicles:</strong> Electruck, Custom 900kg Electruck, Milk Cart</p>","https://savy-greentech-v2.netlify.app/assets/applications/electruck-logistics.webp","https://savy-greentech-v2.netlify.app/assets/applications/electruck-logistics.webp|https://savy-greentech-v2.netlify.app/assets/electruck.jpg|https://savy-greentech-v2.netlify.app/assets/for-ramdev-study.webp","2026-01-15 10:00:00","2026-01-15 10:00:00","SAVY Industrial Engineering Team","Gujarat / Pan-India","2026","","","","https://savy-greentech-v2.netlify.app/applications"
"app-5","Defence & Institutional Campuses: Secure, Rugged Transit for Air Bases, Army Camps & Universities","defence-campuses","post","publish","Applications / Use Cases","Providing dependable internal personnel transit, security patrols, and VIP transport across sprawling defence stations and university campuses.","<h3>Secure, Rugged Transit for Air Bases, Army Camps & Universities</h3>
<p><strong>Overview:</strong> Providing dependable internal personnel transit, security patrols, and VIP transport across sprawling defence stations and university campuses.</p>
<h4>The Operational Challenge</h4>
<p>Expansive multi-acre institutional and defence compounds require continuous, reliable transport for personnel, VIP visitors, and equipment without high operating costs.</p>
<h4>The SAVY Engineering Solution</h4>
<p>SAVY heavy-duty golf carts and utility EVs deliver rugged reliability, low acoustic footprint for security operations, and long battery life between charges.</p>
<h4>Deployment Proof Points & Impact</h4>
<ul>
<li>Institutional deployments at Indian Air Force Station Pune & Jamnagar, and Army Camp Ahmedabad</li>
<li>Educational campus fleets at IIT Gandhinagar and University of Pune</li>
<li>All-weather durability with heavy-duty safety roll cages</li>
</ul>
<blockquote>""Robust, dependable electric transport trusted by national institutions.""</blockquote>
<p><strong>Relevant Vehicles:</strong> Classic Golf, Vintage Elite, Tuk Tuk ë, SAVY Electric Mini Bus</p>","https://savy-greentech-v2.netlify.app/assets/applications/nfsu-gandhinagar.webp","https://savy-greentech-v2.netlify.app/assets/applications/nfsu-gandhinagar.webp|https://savy-greentech-v2.netlify.app/assets/classic-golf.jpeg|https://savy-greentech-v2.netlify.app/assets/vintage-elite.jpg|https://savy-greentech-v2.netlify.app/assets/tuk-tuk.jpg","2026-01-15 10:00:00","2026-01-15 10:00:00","SAVY Institutional Mobility Team","Pune, Jamnagar, Ahmedabad","2026","","","","https://savy-greentech-v2.netlify.app/applications"
"app-6","Food & Retail Movement: Mobile Zero-Emission Culinary & Retail Kiosks","food-retail","post","publish","Applications / Use Cases","Powering vibrant mobile retail, coffee carts, street vending, and event dispensing with self-powered electric vehicle kiosks.","<h3>Mobile Zero-Emission Culinary & Retail Kiosks</h3>
<p><strong>Overview:</strong> Powering vibrant mobile retail, coffee carts, street vending, and event dispensing with self-powered electric vehicle kiosks.</p>
<h4>The Operational Challenge</h4>
<p>Mobile food vendors often rely on loud, smoky diesel generators that are prohibited in upscale plazas, corporate tech parks, and tourist promenades.</p>
<h4>The SAVY Engineering Solution</h4>
<p>SAVY Rickshaw Food Carts come equipped with food-grade stainless steel prep counters, sanitary sinks, and auxiliary inverters that power appliances directly from vehicle batteries.</p>
<h4>Deployment Proof Points & Impact</h4>
<ul>
<li>Self-contained battery inverter system eliminating noisy generators</li>
<li>Complies with clean-air pedestrian zone regulations</li>
<li>Customizable graphics and kitchen equipment layouts</li>
</ul>
<blockquote>""Turnkey mobile retail stations that operate anywhere without noise or fumes.""</blockquote>
<p><strong>Relevant Vehicles:</strong> Rickshaw Food Cart, Electruck</p>","https://savy-greentech-v2.netlify.app/assets/applications/food-cart.webp","https://savy-greentech-v2.netlify.app/assets/applications/food-cart.webp|https://savy-greentech-v2.netlify.app/assets/electruck.jpg","2026-01-15 10:00:00","2026-01-15 10:00:00","SAVY Retail Mobility Team","Pan-India","2026","","","","https://savy-greentech-v2.netlify.app/applications"
"app-7","FMCG & Last-Mile Delivery: Economical Urban Fleet Electrification","fmcg-delivery","post","publish","Applications / Use Cases","Slashing cost per delivery for FMCG distributors, ecommerce fulfillment, and dairy logistics in high-density urban corridors.","<h3>Economical Urban Fleet Electrification</h3>
<p><strong>Overview:</strong> Slashing cost per delivery for FMCG distributors, ecommerce fulfillment, and dairy logistics in high-density urban corridors.</p>
<h4>The Operational Challenge</h4>
<p>Rising fuel prices and city entry restrictions on commercial diesel vehicles drive up last-mile delivery costs and complicate delivery schedules.</p>
<h4>The SAVY Engineering Solution</h4>
<p>SAVY Electruck and specialized cargo variants offer high volumetric capacity, rapid acceleration in traffic, and dramatic reductions in cost-per-kilometer.</p>
<h4>Deployment Proof Points & Impact</h4>
<ul>
<li>Up to 80% lower running costs compared to petrol or diesel cargo three-wheelers</li>
<li>High payload ratings up to 900kg with customized shelving</li>
<li>Zero city green-tax and unlimited urban access</li>
</ul>
<blockquote>""Transforming last-mile supply chain economics with purpose-built electric haulers.""</blockquote>
<p><strong>Relevant Vehicles:</strong> Electruck, Milk Cart, Tuk Tuk ë</p>","https://savy-greentech-v2.netlify.app/assets/applications/fmcg-delivery.webp","https://savy-greentech-v2.netlify.app/assets/applications/fmcg-delivery.webp|https://savy-greentech-v2.netlify.app/assets/electruck.jpg|https://savy-greentech-v2.netlify.app/assets/tuk-tuk.jpg","2026-01-15 10:00:00","2026-01-15 10:00:00","SAVY Urban Logistics Team","Pan-India","2026","","","","https://savy-greentech-v2.netlify.app/applications"
"case-1","Case Study: Custom 900kg Heavy-Duty Electruck for Multi-Shift Factory Logistics (Ramdev Foods)","case-study-ramdev-foods","post","publish","Applications / Use Cases","Engineering a custom heavy-duty electric cargo carrier capable of transporting 900kg spice and food crates continuously across extensive factory premises.","<h3>Client: Ramdev Foods | FMCG & Food Processing Logistics</h3>
<p><strong>Deployment Location:</strong> Factory and warehousing facilities in Gujarat<br/>
<strong>Vehicle Platform:</strong> Custom 900kg Electruck</p>
<h4>The Operational Challenge</h4>
<p>Ramdev Foods required a high-capacity internal cargo vehicle capable of withstanding continuous multi-shift operations with payloads up to 900 kg. Standard three-wheelers in the market had insufficient payload capacity and weak chassis that failed under daily heavy-duty spice and food crate transport.</p>
<h4>The SAVY Engineering Solution</h4>
<p>SAVY’s in-house engineering team custom-designed and fabricated a reinforced Electruck chassis with double gusseting, upgraded heavy-duty multi-leaf spring suspension, heavy axle hubs, and a high-torque indigenous powertrain with customized high-wall cargo boxes.</p>
<h4>Documented Results & Operational ROI</h4>
<ul>
<li>Reliable daily multi-shift transport with zero downtime for heavy 900kg payloads</li>
<li>Over 75% reduction in internal material transport fuel expenditure</li>
<li>Zero emissions inside food-grade packaging and storage warehouses</li>
<li>Smooth, vibration-free handling protecting delicate packaging</li>
</ul>","https://savy-greentech-v2.netlify.app/assets/for-ramdev-study.webp","https://savy-greentech-v2.netlify.app/assets/for-ramdev-study.webp|https://savy-greentech-v2.netlify.app/assets/partners/ramdev.webp|https://savy-greentech-v2.netlify.app/assets/applications/electruck-logistics.webp","2025-08-10 10:00:00","2025-08-10 10:00:00","SAVY Industrial Engineering Desk","Gujarat, India","2025","","","","https://savy-greentech-v2.netlify.app/case-studies"
"case-2","Case Study: Zero-Emission Internal Campus Mobility for Asia’s Largest Hospital Complex (Civil Hospital Ahmedabad)","case-study-civil-hospital","post","publish","Applications / Use Cases","Deploying custom electric campus carts and patient transfer vehicles across sprawling healthcare facilities to eliminate noise and fumes.","<h3>Client: Civil Hospital Ahmedabad | Healthcare & Public Infrastructure</h3>
<p><strong>Deployment Location:</strong> Civil Hospital Campus, Ahmedabad, Gujarat<br/>
<strong>Vehicle Platform:</strong> Classic Golf & Special Utility EVs</p>
<h4>The Operational Challenge</h4>
<p>With thousands of daily patients and expansive distances between emergency departments, surgical wings, OPDs, and diagnostic centers, Civil Hospital needed quiet, emission-free transport that would not disturb recovering patients or degrade air quality near sterile zones.</p>
<h4>The SAVY Engineering Solution</h4>
<p>SAVY deployed custom-configured electric campus carts and utility vehicles tailored for patient comfort, medical staff movement, and internal laundry/linen logistics, featuring smooth suspension and silent electric drivetrains.</p>
<h4>Documented Results & Operational ROI</h4>
<ul>
<li>Zero tailpipe emissions and zero acoustic disturbance near critical care units</li>
<li>Safe, reliable 24/7 movement for patients, elderly visitors, and medical personnel</li>
<li>Rapid response times across campus departments without traffic bottlenecking</li>
</ul>","https://savy-greentech-v2.netlify.app/assets/classic-golf.jpeg","https://savy-greentech-v2.netlify.app/assets/classic-golf.jpeg|https://savy-greentech-v2.netlify.app/assets/partners/civil_hospital.webp|https://savy-greentech-v2.netlify.app/assets/club-cart.jpg","2025-06-15 10:00:00","2025-06-15 10:00:00","SAVY Healthcare Transit Desk","Ahmedabad, Gujarat","2025","","","","https://savy-greentech-v2.netlify.app/case-studies"
"case-3","Case Study: Silent Electric Transport Preserving Heritage & Eco-Sensitive Tourist Destinations (Andhra Pradesh Tourism)","case-study-aptdc-tourism","post","publish","Applications / Use Cases","Providing tourist transit across historic and ecological sites without carbon emissions or engine noise.","<h3>Client: Andhra Pradesh Tourism (APTDC) | Eco-Tourism & Heritage Hospitality</h3>
<p><strong>Deployment Location:</strong> Key tourism circuits across Andhra Pradesh<br/>
<strong>Vehicle Platform:</strong> SAVY Electric Golf Carts & Passenger Tuk Tuk ë</p>
<h4>The Operational Challenge</h4>
<p>Preserving the pristine tranquility and architectural integrity of major tourism and heritage sites required eliminating fossil-fuel emissions that cause soot degradation on historical monuments and disrupt peaceful natural habitats.</p>
<h4>The SAVY Engineering Solution</h4>
<p>SAVY supplied electric passenger vehicles and campus carts with comfortable tourist seating, panoramic sightseeing visibility, and all-weather canopy covers.</p>
<h4>Documented Results & Operational ROI</h4>
<ul>
<li>Pristine air quality and noise-free guest exploration at historic landmarks</li>
<li>High tourist satisfaction with smooth and accessible mobility for elderly visitors</li>
<li>Aligns with state-level green tourism and sustainability mandates</li>
</ul>","https://savy-greentech-v2.netlify.app/assets/club-cart.jpg","https://savy-greentech-v2.netlify.app/assets/club-cart.jpg|https://savy-greentech-v2.netlify.app/assets/partners/aptdc.webp|https://savy-greentech-v2.netlify.app/assets/vintage-elite.jpg|https://savy-greentech-v2.netlify.app/assets/applications/tourism.jpg","2024-11-20 10:00:00","2024-11-20 10:00:00","SAVY Hospitality Desk","Andhra Pradesh, India","2024","","","","https://savy-greentech-v2.netlify.app/case-studies"
"case-4","Case Study: Rugged Electric Utility Mobility for Air Force Stations & Defence Bases (Indian Air Force & Defence Establishments)","case-study-defence-institutions","post","publish","Applications / Use Cases","Delivering secure, dependable, and low-maintenance electric transportation for defence personnel and technical equipment across base facilities.","<h3>Client: Indian Air Force & Defence Establishments | Defence & High-Security Campuses</h3>
<p><strong>Deployment Location:</strong> Air Force Stations Pune, Jamnagar & Army Camp Ahmedabad<br/>
<strong>Vehicle Platform:</strong> SAVY Heavy-Duty Campus & Utility EVs</p>
<h4>The Operational Challenge</h4>
<p>Defence bases and airfield perimeters require robust, dependable transportation that operates in demanding weather, requires minimal maintenance, and offers low acoustic signatures for secure airfield and hangar transit.</p>
<h4>The SAVY Engineering Solution</h4>
<p>SAVY provided purpose-built electric utility carts and personnel transport vehicles with heavy-duty chassis structures, weatherproof component sealing, and long-range battery packs.</p>
<h4>Documented Results & Operational ROI</h4>
<ul>
<li>Reliable, prompt personnel transport across sprawling airfield perimeters</li>
<li>Substantial reduction in base fuel logistics and vehicle maintenance downtime</li>
<li>Low thermal and acoustic signature suited to secure installation protocols</li>
</ul>","https://savy-greentech-v2.netlify.app/assets/classic-golf.jpeg","https://savy-greentech-v2.netlify.app/assets/classic-golf.jpeg|https://savy-greentech-v2.netlify.app/assets/partners/adani.webp|https://savy-greentech-v2.netlify.app/assets/electruck.jpg|https://savy-greentech-v2.netlify.app/assets/applications/airport.jpg","2024-08-15 10:00:00","2024-08-15 10:00:00","SAVY Institutional Defence Desk","Pune & Jamnagar, India","2024","","","","https://savy-greentech-v2.netlify.app/case-studies"
"career-1","EV Design & Chassis Engineer","ev-design-chassis-engineer","post","publish","Careers","Lead the CAD modeling, structural FEA analysis, chassis frame optimization, and suspension geometry design for custom electric vehicles and light commercial platforms.","<h2>Role Overview</h2>
<p>Lead the CAD modeling, structural FEA analysis, chassis frame optimization, and suspension geometry design for custom electric vehicles and light commercial platforms.</p>
<h3>Key Responsibilities</h3>
<ul>
<li>Develop 3D CAD models and detailed 2D manufacturing drawings for tubular steel vehicle frames, steering assemblies, and axle mounts.</li>
<li>Perform Finite Element Analysis (FEA) to ensure load-bearing durability across dynamic operating conditions.</li>
<li>Collaborate with shop-floor fabrication and welding teams during prototype assembly and jig alignment.</li>
<li>Optimize chassis geometry for weight reduction, rollover safety, and modular battery pack integration.</li>
</ul>
<h3>Candidate Profile & Qualifications</h3>
<ul>
<li>B.Tech / M.Tech in Mechanical or Automobile Engineering.</li>
<li>3–6 years of proven experience in vehicle structural design or automotive chassis engineering.</li>
<li>Proficiency in SolidWorks, CATIA, and ANSYS structural simulation tools.</li>
<li>In-depth understanding of Indian vehicle regulations and homologation standards.</li>
</ul>
<p><strong>Department:</strong> Engineering & R&D<br/>
<strong>Location:</strong> Ahmedabad, Gujarat<br/>
<strong>Employment Type:</strong> Full-Time</p>","https://savy-greentech-v2.netlify.app/assets/process/customization-design.jpg","https://savy-greentech-v2.netlify.app/assets/process/customization-design.jpg|https://savy-greentech-v2.netlify.app/assets/process/consultation-external.jpg","2026-02-15 10:00:00","2026-02-15 10:00:00","SAVY Talent Team","Ahmedabad, Gujarat","2026","Full-Time","3–6 Years","","https://savy-greentech-v2.netlify.app/careers/ev-design-chassis-engineer"
"career-2","Plant Production Supervisor","plant-production-supervisor","post","publish","Careers","Manage day-to-day vehicle assembly lines, fabrication schedules, quality inspections, worker safety, and shop floor throughput optimization.","<h2>Role Overview</h2>
<p>Manage day-to-day vehicle assembly lines, fabrication schedules, quality inspections, worker safety, and shop floor throughput optimization.</p>
<h3>Key Responsibilities</h3>
<ul>
<li>Supervise end-to-end electric vehicle assembly operations from chassis welding to final dyno testing.</li>
<li>Enforce shop-floor quality gates and 48-point pre-delivery inspection (PDI) protocols.</li>
<li>Coordinate with inventory and supply chain teams to maintain smooth assembly line part staging.</li>
<li>Implement 5S, lean manufacturing, and worker safety protocols across fabrication bays.</li>
</ul>
<h3>Candidate Profile & Qualifications</h3>
<ul>
<li>Diploma / Degree in Mechanical, Production, or Automobile Engineering.</li>
<li>4–7 years experience in automotive or industrial vehicle manufacturing facilities.</li>
<li>Strong team leadership, assembly line scheduling, and root-cause diagnostic skills.</li>
</ul>
<p><strong>Department:</strong> Manufacturing & Assembly<br/>
<strong>Location:</strong> Ahmedabad Facility, Gujarat<br/>
<strong>Employment Type:</strong> Full-Time</p>","https://savy-greentech-v2.netlify.app/assets/process/support.jpg","https://savy-greentech-v2.netlify.app/assets/process/support.jpg|https://savy-greentech-v2.netlify.app/assets/process/deployment-external.jpg","2026-02-15 10:00:00","2026-02-15 10:00:00","SAVY Talent Team","Ahmedabad Facility, Gujarat","2026","Full-Time","4–7 Years","","https://savy-greentech-v2.netlify.app/careers/plant-production-supervisor"
"career-3","Battery Systems & BMS Engineer","battery-systems-bms-engineer","post","publish","Careers","Design and validate battery pack integration, thermal management circuits, battery management system (BMS) firmware protocols, and fast-charging safety algorithms.","<h2>Role Overview</h2>
<p>Design and validate battery pack integration, thermal management circuits, battery management system (BMS) firmware protocols, and fast-charging safety algorithms.</p>
<h3>Key Responsibilities</h3>
<ul>
<li>Design and assemble custom Lithium-ion (LFP/NMC) battery packs for commercial and passenger EVs.</li>
<li>Configure and validate BMS firmware parameters for over-voltage, cell balancing, thermal throttling, and CAN-bus telemetry.</li>
<li>Conduct environmental, vibration, and thermal cycle testing of battery enclosures.</li>
<li>Interface with motor controller firmware to optimize regenerative charging current curves.</li>
</ul>
<h3>Candidate Profile & Qualifications</h3>
<ul>
<li>B.Tech / M.Tech in Electrical, Electronics, or Mechatronics Engineering.</li>
<li>2–5 years hands-on experience in EV battery pack design and BMS calibration.</li>
<li>Familiarity with automotive CAN communication, battery testing equipment, and AIS-156 safety standards.</li>
</ul>
<p><strong>Department:</strong> Powertrain & Electronics<br/>
<strong>Location:</strong> Ahmedabad, Gujarat<br/>
<strong>Employment Type:</strong> Full-Time</p>","https://savy-greentech-v2.netlify.app/assets/about-purpose/innovation.webp","https://savy-greentech-v2.netlify.app/assets/about-purpose/innovation.webp|https://savy-greentech-v2.netlify.app/assets/about-purpose/electric-future.jpg","2026-02-15 10:00:00","2026-02-15 10:00:00","SAVY Talent Team","Ahmedabad, Gujarat","2026","Full-Time","2–5 Years","","https://savy-greentech-v2.netlify.app/careers/battery-systems-bms-engineer"
"career-4","B2B & Institutional Sales Manager","b2b-institutional-sales-manager","post","publish","Careers","Drive sales of custom EV fleets across municipal corporations, luxury resorts, university campuses, defence establishments, and industrial logistics clients.","<h2>Role Overview</h2>
<p>Drive sales of custom EV fleets across municipal corporations, luxury resorts, university campuses, defence establishments, and industrial logistics clients.</p>
<h3>Key Responsibilities</h3>
<ul>
<li>Lead institutional tender bids, government procurement filings (GeM), and corporate fleet presentations.</li>
<li>Cultivate executive relationships with resort chains, hospital administrators, university registrars, and industrial plant heads.</li>
<li>Develop customized fleet ROI proposals highlighting Total Cost of Ownership (TCO) savings.</li>
<li>Achieve quarterly fleet delivery quotas across assigned regional territories.</li>
</ul>
<h3>Candidate Profile & Qualifications</h3>
<ul>
<li>Bachelor's degree / MBA in Marketing, Business, or Automotive Engineering.</li>
<li>5+ years proven track record in B2B automotive, commercial vehicle, or capital equipment sales.</li>
<li>Strong presentation, commercial negotiation, and institutional client relationship management skills.</li>
</ul>
<p><strong>Department:</strong> Business Development<br/>
<strong>Location:</strong> Ahmedabad / Regional Hybrid<br/>
<strong>Employment Type:</strong> Full-Time</p>","https://savy-greentech-v2.netlify.app/assets/applications/campus.jpg","https://savy-greentech-v2.netlify.app/assets/applications/campus.jpg|https://savy-greentech-v2.netlify.app/assets/applications/tourism.jpg","2026-02-15 10:00:00","2026-02-15 10:00:00","SAVY Talent Team","Ahmedabad / Regional Hybrid","2026","Full-Time","5+ Years","","https://savy-greentech-v2.netlify.app/careers/b2b-institutional-sales-manager"
"career-5","Field Service & After-Sales Technician","field-service-after-sales-technician","post","publish","Careers","Provide prompt on-site doorstep diagnostics, preventive maintenance, motor/controller repairs, and battery health checks for institutional client fleets.","<h2>Role Overview</h2>
<p>Provide prompt on-site doorstep diagnostics, preventive maintenance, motor/controller repairs, and battery health checks for institutional client fleets.</p>
<h3>Key Responsibilities</h3>
<ul>
<li>Execute scheduled preventive maintenance visits across client campuses, resorts, and municipal depots.</li>
<li>Perform electrical troubleshooting on AC/BLDC motors, smart motor controllers, wiring harnesses, and battery packs.</li>
<li>Manage replacement of genuine spare parts and maintain accurate digital service logs.</li>
<li>Train client fleet drivers and on-site operators on proper EV charging and safe operating practices.</li>
</ul>
<h3>Candidate Profile & Qualifications</h3>
<ul>
<li>ITI / Diploma in Electrical or Automobile Engineering.</li>
<li>2–4 years experience in automotive mechanical/electrical servicing or EV fleet maintenance.</li>
<li>Willingness to travel for on-site client service calls across designated service zones.</li>
<li>Valid driving license and customer-first service mindset.</li>
</ul>
<p><strong>Department:</strong> Customer Support & Service<br/>
<strong>Location:</strong> Multiple States / Regional<br/>
<strong>Employment Type:</strong> Full-Time</p>","https://savy-greentech-v2.netlify.app/assets/process/support-external.jpg","https://savy-greentech-v2.netlify.app/assets/process/support-external.jpg|https://savy-greentech-v2.netlify.app/assets/process/support.jpg","2026-02-15 10:00:00","2026-02-15 10:00:00","SAVY Customer Support Desk","Multiple States / Regional","2026","Full-Time","2–4 Years","","https://savy-greentech-v2.netlify.app/careers/field-service-after-sales-technician"
