"category","post_count","media_count","notes"
"Blog","0","0","General blog insights and company updates"
"Applications / Use Cases","12","21","Sector-specific application guides (Municipal, Hospitality, Healthcare, Industrial, Defence, Food, FMCG) and enterprise case studies (Ramdev Foods, Civil Hospital, APTDC, IAF)"
"Commercial EVs","1","2","Commercial electric garbage tippers and smart city sanitation vehicles"
"Electric Mobility","1","2","Commercial EV adoption and Total Cost of Ownership (TCO) financial analyses"
"Sustainability","1","2","Zero-emission manufacturing, ESG principles, and One Vehicle One Tree initiatives"
"Technology N","1","2","Purpose-built bespoke EV engineering, custom chassis, and powertrain architecture"
"Careers","5","9","Active engineering, manufacturing, BMS, sales, and field service technician job openings"
"Media","0","0","Media coverage and general press releases"
"Industry Participation","5","4","International pavilions (Amsterdam E-Mobility Expo), keynote conclaves, and national workforce partnerships"
"News","8","8","Published media news features, investment rounds, and institutional coverage (Business Standard, CEO Mag, IPM, Policy Times, IssueWire)"
